,time,open,close,high,low,volume
0,1545436980000,0.24859,0.24859,0.24859,0.24859,200.4
1,1545437940000,0.2486,0.2486,0.2486,0.2486,331.04123730000003
2,1545438180000,0.27,0.27,0.27,0.27,201.59599999999998
3,1545448740000,0.38399,0.38399,0.38399,0.38399,69.13800001
4,1545603960000,0.28406,0.28,0.28406,0.28,657.25
5,1545605520000,0.28064,0.28064,0.28064,0.28064,93.31849418
6,1545698040000,0.26888,0.26264,0.26888,0.26264,1097.8
7,1545699780000,0.26264,0.26264,0.26264,0.26264,103.792
8,1545700620000,0.26264,0.26264,0.26264,0.26264,103.792
9,1545719340000,0.26264,0.259,0.26264,0.259,97.29441468
10,1545741000000,0.26,0.26,0.26,0.26,539.73905024
11,1545835440000,0.2359,0.2359,0.2359,0.2359,119.84061909
12,1545835860000,0.2351,0.2351,0.2351,0.2351,119.93226539
13,1545862260000,0.2351,0.2351,0.2351,0.2351,540.27987093
14,1545888180000,0.2351,0.2351,0.2351,0.2351,209.28345252
15,1545888240000,0.2351,0.2351,0.2351,0.2351,156.31852305
16,1545888840000,0.2351,0.2351,0.2351,0.2351,348.67349443
17,1545944040000,0.2351,0.20731,0.2351,0.20731,1375.68508495
18,1545944280000,0.20731,0.20731,0.20731,0.20731,945.30522401
19,1546015140000,0.2132,0.2132,0.2132,0.2132,145.94443674
20,1546031760000,0.22703,0.22703,0.22703,0.22703,158.76780536
21,1546168380000,0.27971,0.27971,0.27971,0.27971,95.19
22,1546168500000,0.27971,0.27971,0.27971,0.27971,95.19
23,1546169400000,0.28,0.28,0.28,0.28,100.32963251
24,1546169760000,0.28,0.28,0.28,0.28,262.23396786
25,1546169820000,0.28,0.28,0.28,0.28,1665.40639963
26,1546172640000,0.28029,0.27751,0.28029,0.27751,197.604
27,1546263540000,0.23519,0.23519,0.23519,0.23519,81.34104789
28,1546285560000,0.2438,0.2438,0.2438,0.2438,211.49238886
29,1546425360000,0.3005,0.3005,0.3005,0.3005,100.0
30,1546755300000,0.27,0.27,0.27,0.27,44.0
31,1546806720000,0.3,0.3,0.3,0.3,450.0
32,1547054400000,0.28965,0.28965,0.28965,0.28965,50.0
33,1547203800000,0.22,0.22,0.22,0.22,60.33292994
34,1547283060000,0.3005,0.3005,0.3005,0.3005,111.0
35,1547395740000,0.22055,0.22,0.22055,0.22,390.66755939
36,1547535360000,0.20490999999999998,0.20445,0.20490999999999998,0.20445,1996.0
37,1548262260000,0.299,0.3,0.3,0.299,3804.3138483999996
38,1548517260000,0.28,0.28,0.28,0.28,640.41274291
39,1548517440000,0.28,0.28,0.28,0.28,2.56947455
40,1548660600000,0.221,0.2101,0.221,0.2101,160.39457061000005
41,1548932040000,0.20800000000000002,0.20800000000000002,0.20800000000000002,0.20800000000000002,94.55403427
42,1548932100000,0.20800000000000002,0.20800000000000002,0.20800000000000002,0.20800000000000002,365.02195226
43,1548932220000,0.20800000000000002,0.20800000000000002,0.20800000000000002,0.20800000000000002,116.01097613
44,1548932340000,0.20800000000000002,0.20800000000000002,0.20800000000000002,0.20800000000000002,930.20841613
45,1548932400000,0.20800000000000002,0.20800000000000002,0.20800000000000002,0.20800000000000002,558.1480799999999
46,1548934080000,0.20800000000000002,0.20800000000000002,0.20800000000000002,0.20800000000000002,445.94857225
47,1548934140000,0.20800000000000002,0.20800000000000002,0.20800000000000002,0.20800000000000002,282.40880482
48,1548986520000,0.19585,0.19585,0.19585,0.19585,92.17725567
49,1549306800000,0.22782,0.22782,0.22782,0.22782,44.0
50,1549443660000,0.2,0.19585999999999998,0.2,0.19585999999999998,108.78200000000001
51,1549656180000,0.19630999999999998,0.19630999999999998,0.19630999999999998,0.19630999999999998,249.75
52,1549834320000,0.19630999999999998,0.19630999999999998,0.19630999999999998,0.19630999999999998,131.912
53,1550067000000,0.22859000000000002,0.22859000000000002,0.22859000000000002,0.22859000000000002,729.0
54,1550067060000,0.22859000000000002,0.22859000000000002,0.22859000000000002,0.22859000000000002,279.68212711
55,1550339700000,0.22,0.22,0.22,0.22,788.0
56,1550339760000,0.24147,0.24147,0.24147,0.24147,706.0
57,1550356380000,0.24555,0.24555,0.24555,0.24555,108.16707378
58,1550409720000,0.27,0.27,0.27,0.27,71.85185534
59,1550409960000,0.29,0.29,0.29,0.29,50.0
60,1550410020000,0.29,0.29,0.29,0.29,247.20329386
61,1550410080000,0.29,0.29,0.29,0.29,92.0
62,1550410500000,0.29,0.29,0.29,0.29,1.51585655
63,1550410980000,0.22133000000000003,0.22133000000000003,0.22133000000000003,0.22133000000000003,80.5242322
64,1550411280000,0.29891999999999996,0.29891999999999996,0.29891999999999996,0.2907,456.23352363
65,1550411460000,0.29120999999999997,0.28670999999999996,0.29120999999999997,0.28670999999999996,274.1932931
66,1550411520000,0.2909,0.29484,0.29484,0.2909,92.54181027
67,1550411580000,0.29899000000000003,0.29899000000000003,0.29899000000000003,0.29899000000000003,90.36617095
68,1550411640000,0.29899000000000003,0.29899000000000003,0.29899000000000003,0.29899000000000003,88.83085273
69,1550411700000,0.29893000000000003,0.29893000000000003,0.29893000000000003,0.29893000000000003,88.83085273
70,1550412480000,0.299,0.3,0.3,0.299,2834.008535
71,1550412540000,0.37999,0.37999,0.37999,0.37999,88.53474989
72,1550413560000,0.29896,0.29896,0.29896,0.29896,119.27331311
73,1550420400000,0.27416999999999997,0.26345999999999997,0.27416999999999997,0.26345999999999997,204.82110680000002
74,1550449380000,0.24644000000000002,0.24644000000000002,0.24644000000000002,0.24644000000000002,147.38009775
75,1550449920000,0.2543,0.2543,0.2543,0.2543,144.39651282
76,1550451780000,0.24885,0.24885,0.24885,0.24885,213.56010440000003
77,1550466480000,0.29991999999999996,0.3,0.3,0.29991999999999996,2252.36240223
78,1550466540000,0.29991999999999996,0.29991999999999996,0.29991999999999996,0.29991999999999996,1000.0
79,1550466780000,0.25994,0.25994,0.25994,0.25994,65.12274749
80,1550753280000,0.25697,0.25697,0.25697,0.25697,462.10843474
81,1550845080000,0.22278,0.222,0.22278,0.222,2708.70065454
82,1550845260000,0.22258000000000003,0.22258000000000003,0.22258000000000003,0.22258000000000003,537.0
83,1550916300000,0.28898,0.28899,0.28899,0.28898,322.9750617
84,1550916360000,0.28899,0.28899,0.28899,0.28899,46.64404459
85,1550974200000,0.3,0.3,0.3,0.3,190.0
86,1550991420000,0.37899,0.28197,0.37899,0.28197,122.82
87,1551017460000,0.27892,0.27892,0.27892,0.27892,121.68780992
88,1551017640000,0.2729,0.2729,0.2729,0.2729,407.28899397
89,1551017700000,0.2729,0.2729,0.2729,0.2729,124.71100603
90,1551085500000,0.25456999999999996,0.25456999999999996,0.25456999999999996,0.25456999999999996,163.30873524
91,1551140760000,0.27324,0.27324,0.27324,0.27324,100.45046594
92,1551189360000,0.32514,0.33386,0.33386,0.32514,1486.39799403
93,1551189420000,0.33352,0.33386,0.33386,0.33352,368.07661642
94,1551219720000,0.31373,0.31373,0.31373,0.31373,69.62698733
95,1551219840000,0.31405,0.31405,0.31405,0.31405,69.0
96,1551220260000,0.31405,0.31405,0.31405,0.31405,46.52012938
97,1551677100000,0.28593,0.28592,0.28593,0.28592,273.33220028
98,1551677160000,0.28592,0.28592,0.28592,0.28592,528.96605787
99,1551686100000,0.27129000000000003,0.24163,0.27129000000000003,0.24163,681.26488516
100,1551789000000,0.30737,0.30737,0.30737,0.30737,75.6786055
101,1551789060000,0.32350999999999996,0.32350999999999996,0.32350999999999996,0.32350999999999996,96.01855759
102,1551789180000,0.32350999999999996,0.32350999999999996,0.32350999999999996,0.32350999999999996,288.05567277
103,1552050960000,0.31372,0.31372,0.31372,0.31372,46.0
104,1552140840000,0.30706999999999995,0.30611,0.30706999999999995,0.30611,224.30978451
105,1552315980000,0.31227,0.3126,0.3126,0.31227,197.73860402000003
106,1552339740000,0.31440999999999997,0.31440999999999997,0.31440999999999997,0.31440999999999997,53.71300082
107,1552348920000,0.35915,0.35915,0.35915,0.35915,559.41704036
108,1552348980000,0.3581,0.35846,0.35846,0.3581,185.0
109,1552349040000,0.35846,0.35846,0.35846,0.35846,7.40528364
110,1552350600000,0.31836,0.31836,0.31836,0.31836,102.2942446
111,1552364460000,0.29964,0.29964,0.29964,0.29964,108.53265645
112,1552364520000,0.29964,0.28509,0.29964,0.28509,108.53265645
113,1552563600000,0.32515,0.32515,0.32515,0.32515,49.82560692
114,1552563660000,0.33382,0.33555,0.33555,0.33382,209.05392309
115,1552650840000,0.33,0.33,0.33,0.33,1189.37815865
116,1552737240000,0.32422,0.32422,0.32422,0.32422,111.0
117,1552787100000,0.34964,0.34999,0.34999,0.34964,175.97888254
118,1552787160000,0.35,0.35,0.35,0.35,100.0
119,1552787280000,0.35014,0.35534,0.35534,0.35014,156.23315592
120,1552787700000,0.37879,0.37879,0.37879,0.37879,81.30178844
121,1552787760000,0.3788,0.379,0.379,0.3788,162.5563821
122,1552787820000,0.379,0.379,0.379,0.379,81.25673996
123,1552787880000,0.379,0.379,0.379,0.379,81.25673996
124,1552788900000,0.35483000000000003,0.35483000000000003,0.35483000000000003,0.35483000000000003,91.72570475
125,1552789200000,0.35483000000000003,0.35483000000000003,0.35483000000000003,0.35483000000000003,17.34487755
126,1552790700000,0.34756,0.34756,0.34756,0.34756,50.6024302
127,1553025240000,0.33309,0.33309,0.33309,0.33309,100.6247113
128,1553304900000,0.34391,0.34391,0.34391,0.34391,100.0
129,1553305020000,0.34391,0.34391,0.34391,0.34391,100.0
130,1553305080000,0.34483,0.34574,0.34574,0.34483,200.0
131,1553305140000,0.34574,0.34574,0.34574,0.34574,300.0
132,1553305260000,0.37899,0.37899,0.37899,0.37899,100.0
133,1553641440000,0.3785,0.3785,0.3785,0.3785,196.0822708
134,1553816100000,0.2314,0.2314,0.2314,0.2314,1519.0
135,1553817960000,0.3784,0.3785,0.3785,0.3784,2730.0
136,1553818020000,0.2314,0.3785,0.3785,0.2314,694.0
137,1553818080000,0.2314,0.3785,0.3785,0.2314,1076.0
138,1553818140000,0.30609000000000003,0.3785,0.3785,0.30609000000000003,1320.0
139,1553818200000,0.2709,0.3785,0.3785,0.2709,911.0
140,1553818260000,0.3785,0.3785,0.3785,0.3785,781.0
141,1553842380000,0.3719,0.3719,0.3719,0.3719,150.0
142,1553926080000,0.25406,0.25406,0.25406,0.25406,130.0
143,1553949540000,0.3785,0.3785,0.3785,0.3785,426.18861524
144,1553974380000,0.4,0.4,0.4,0.4,50.0
145,1554010140000,0.4,0.47289,0.47289,0.4,225.50839155
146,1554010200000,0.47289,0.47289,0.47289,0.47289,60.0
147,1554194640000,0.44953999999999994,0.67,0.67,0.44953999999999994,3710.09536645
148,1554196680000,0.54999,0.55,0.55,0.54999,110.2896
149,1554197280000,0.55,0.55,0.55,0.55,55.99816437
150,1554210240000,0.53999,0.53999,0.53999,0.53999,55.32120981
151,1554214200000,0.4001,0.40010999999999997,0.40010999999999997,0.4001,181.93403523
152,1554214500000,0.40010999999999997,0.40010999999999997,0.40010999999999997,0.40010999999999997,65.03355062
153,1554214620000,0.41,0.41,0.41,0.41,643.75686359
154,1554218760000,0.44998999999999995,0.44998999999999995,0.44998999999999995,0.44998999999999995,46.0
155,1554221700000,0.4495,0.4495,0.4495,0.4495,48.0
156,1554228780000,0.4494,0.4495,0.4495,0.4494,501.0
157,1554232500000,0.4495,0.44801,0.4495,0.44801,390.93437408
158,1554241080000,0.4,0.4,0.4,0.4,200.50203974
159,1554261300000,0.365,0.35385,0.365,0.35385,499.99800000000005
160,1554276360000,0.37195,0.37195,0.37195,0.37195,425.33623801
161,1554293460000,0.4,0.4,0.4,0.4,69.46093377
162,1554293640000,0.4,0.4,0.4,0.4,123.05313307
163,1554293700000,0.4,0.4,0.4,0.4,106.67216075
164,1554305940000,0.4,0.4,0.4,0.4,0.21377241
165,1554308760000,0.4,0.4,0.4,0.4,47.952
166,1554319980000,0.43988,0.43988,0.43988,0.43988,46.0
167,1554320700000,0.38206,0.38206,0.38206,0.38206,91.81
168,1554331200000,0.4,0.4,0.4,0.4,1297.27801331
169,1554331500000,0.4,0.4,0.4,0.4,0.14743992
170,1554332520000,0.38,0.38,0.38,0.38,101.90172304
171,1554332640000,0.38,0.38,0.38,0.38,63.660350699999995
172,1554332760000,0.37196,0.37195,0.37196,0.37195,519.5704471
173,1554344640000,0.43358,0.44,0.44,0.43358,350.0
174,1554345840000,0.37205,0.37205,0.37205,0.37205,46.83675873
175,1554346200000,0.37205,0.37205,0.37205,0.37205,165.95518884
176,1554815820000,0.37205,0.37205,0.37205,0.37205,100.0
177,1554971520000,0.33434,0.33434,0.33434,0.33434,319.53105739999995
178,1554973020000,0.33771999999999996,0.33692,0.33771999999999996,0.33692,196.61823895
179,1554981540000,0.33076,0.33076,0.33076,0.33076,154.73599961
180,1554981660000,0.33076,0.33076,0.33076,0.33076,138.0004535
181,1555072020000,0.32,0.32,0.32,0.32,476.25410526
182,1555072140000,0.32,0.32,0.32,0.32,37.46900714
183,1555182060000,0.37200000000000005,0.37200000000000005,0.37200000000000005,0.37200000000000005,73.0
184,1555400040000,0.2821,0.281,0.2821,0.281,262.41909103
185,1555905060000,0.27251,0.27251,0.27251,0.27251,249.0
186,1556061960000,0.27264,0.27234,0.27264,0.27152,1600.0
187,1556238660000,0.27262,0.27234,0.27262,0.27234,396.66431184
188,1556493180000,0.3,0.3,0.3,0.3,14.0
189,1556493240000,0.27314,0.27314,0.27314,0.27314,21.978
190,1556590440000,0.27315,0.27315,0.27315,0.27315,35.978
191,1556728920000,0.27395,0.2734,0.27395,0.2734,1088.18878049
192,1556742360000,0.3,0.3,0.3,0.3,248.12154293
193,1557459240000,0.2734,0.2734,0.2734,0.2734,316.15494404
194,1557504540000,0.2734,0.2734,0.2734,0.2734,19.535237600000002
195,1557516300000,0.2734,0.2734,0.2734,0.2734,292.3742814000001
196,1557516660000,0.2734,0.2734,0.2734,0.2734,308.21234
197,1557550320000,0.27315,0.27315,0.27315,0.27315,119.55108133
198,1557560760000,0.27315,0.27315,0.27315,0.27315,755.25195
199,1557669660000,0.26050999999999996,0.2605,0.26050999999999996,0.2605,155.82497294
200,1557679440000,0.31973,0.32,0.32,0.31973,1000.0
201,1557679500000,0.32,0.32,0.32,0.32,239.56443232
202,1557685260000,0.23551999999999998,0.23434000000000002,0.23551999999999998,0.23434000000000002,1237.07925958
203,1557805980000,0.2513,0.2513,0.2513,0.2513,39.92
204,1557844620000,0.28007,0.28,0.28146,0.28,3000.0
205,1557844680000,0.28,0.25,0.28146,0.25,1504.28571199
206,1557845520000,0.25789,0.2513,0.25789,0.25,3000.0
207,1557845580000,0.2513,0.2513,0.2513,0.2513,1500.0
208,1557887340000,0.32432,0.32432,0.32432,0.32432,100.0
209,1557917640000,0.29974,0.2999,0.2999,0.29974,260.7074887
210,1557924720000,0.29975,0.29975,0.29975,0.29975,0.34062323
211,1557926880000,0.2999,0.2999,0.2999,0.2999,647.63735774
212,1557929820000,0.2999,0.2999,0.2999,0.2999,33.69246714
213,1557930420000,0.3197,0.32,0.32,0.3197,180.54165585
214,1557950280000,0.31999,0.32,0.32,0.31999,83.65988185
215,1557950340000,0.31999,0.31999,0.31999,0.31999,14.0
216,1557966120000,0.32,0.32,0.32,0.32,14.0
217,1557967380000,0.32945,0.32946,0.32946,0.32945,64.0
218,1558176060000,0.25733,0.25733,0.25733,0.25733,31.10622168
219,1558744080000,0.261,0.261,0.261,0.261,79.92
220,1558763880000,0.26100999999999996,0.26100999999999996,0.26100999999999996,0.26100999999999996,199.7
221,1559027700000,0.30473,0.30473,0.30473,0.30473,93.6913297
222,1559168460000,0.35,0.35,0.35,0.35,79.76016
223,1559168580000,0.36948000000000003,0.38019000000000003,0.38019000000000003,0.36948000000000003,217.43400000000003
224,1559209500000,0.38019000000000003,0.38019000000000003,0.38019000000000003,0.38019000000000003,219.438
225,1559215800000,0.38019000000000003,0.38019000000000003,0.38019000000000003,0.38019000000000003,24.60639001
226,1559319900000,0.44933999999999996,0.44933999999999996,0.44933999999999996,0.44933999999999996,50.26
227,1559319960000,0.44933999999999996,0.45,0.45,0.44933999999999996,158.26
228,1559320020000,0.45,0.45,0.45,0.45,126.6791488
229,1559337060000,0.52933,0.52933,0.52933,0.52933,100.0
230,1559693820000,0.32178,0.32178,0.32178,0.32178,155.38566722
231,1559702700000,0.32178,0.32178,0.32178,0.32178,4.45433278
232,1559733180000,0.30499,0.30499,0.30499,0.30499,129.43212771
233,1559773620000,0.26679,0.26679,0.26679,0.26679,198.8
234,1560816840000,0.42,0.42,0.42,0.42,131.262
235,1560896100000,0.41808999999999996,0.41808999999999996,0.41808999999999996,0.41808999999999996,23.22216428
236,1561133100000,0.4188,0.4189,0.4189,0.4188,283.3975588
237,1561268520000,0.33281,0.33281,0.33281,0.33281,49.94999988
238,1561273980000,0.508,0.50522,0.508,0.50522,199.0
239,1561274040000,0.505,0.505,0.505,0.505,177.30441449
240,1561305360000,0.489,0.489,0.489,0.489,40.44447023
241,1561307280000,0.48661000000000004,0.48661000000000004,0.48661000000000004,0.48661000000000004,14.45
242,1561323240000,0.3378,0.3378,0.3378,0.3378,14.4211
243,1561324200000,0.44933999999999996,0.44933999999999996,0.44933999999999996,0.44933999999999996,50.0
244,1561334100000,0.3378,0.3378,0.3378,0.3378,22.0
245,1561459020000,0.44,0.4493,0.4493,0.44,14.0
246,1561478520000,0.44998999999999995,0.45,0.45,0.44998999999999995,55.21056739
247,1561478580000,0.45,0.48654,0.48654,0.45,28.01216174
248,1561773540000,0.33603,0.33602,0.33603,0.33602,62.0
249,1561773600000,0.33000999999999997,0.33,0.33000999999999997,0.33,939.91065396
250,1561780860000,0.33,0.33,0.33,0.33,0.44856663
251,1562499420000,0.3139,0.3139,0.3139,0.3139,25.27508412
252,1562521020000,0.3139,0.3139,0.3139,0.3139,16.45281443981
253,1562817420000,0.28101,0.281,0.28101,0.281,619.38
254,1562817540000,0.28101,0.281,0.28101,0.281,679.3199999999998
255,1562817600000,0.28101,0.281,0.28101,0.281,322.677
256,1562818860000,0.28101,0.281,0.28101,0.281,59.41378667
257,1562819880000,0.281,0.281,0.281,0.281,2e-08
258,1562834520000,0.25551999999999997,0.25551,0.25551999999999997,0.25551,23.54380225
259,1562953860000,0.439,0.439,0.439,0.439,20.4
260,1563015240000,0.2342,0.2341,0.2342,0.2341,499.5
261,1563041580000,0.24401,0.244,0.24401,0.244,20.3592
262,1563041940000,0.31778,0.31778,0.31778,0.31778,16.79999999
263,1563150420000,0.23410999999999998,0.2341,0.23412,0.2341,1381.63465268
264,1563150480000,0.23410999999999998,0.2341,0.23410999999999998,0.2341,197.21691082
265,1563150540000,0.2341,0.2341,0.2341,0.2341,114.67666614
266,1563150600000,0.2341,0.23,0.2341,0.23,401.96972429
267,1563295620000,0.231,0.231,0.231,0.231,672.327
268,1563295740000,0.231,0.231,0.231,0.231,241.4418
269,1563296400000,0.231,0.23651999999999998,0.23651999999999998,0.231,135.45860193
270,1563302220000,0.225,0.225,0.225,0.225,70.08725717
271,1563303180000,0.22,0.22,0.22,0.22,7.91274283
272,1563329220000,0.21,0.21,0.21,0.21,14.0
273,1563392100000,0.20001,0.20001,0.20001,0.20001,60.47286107
274,1563392160000,0.20001,0.2,0.20021,0.2,72.47286107
275,1563461100000,0.23,0.23838,0.23838,0.23,123.48807075
276,1563461160000,0.2402,0.2402,0.2402,0.2402,29.03443385
277,1563583380000,0.24316,0.2433,0.2433,0.24316,36.99752404
278,1563592140000,0.24511,0.24563000000000001,0.24563000000000001,0.24511,27.71469176
279,1563594000000,0.24563000000000001,0.24693,0.24693,0.24563000000000001,49.94968274
280,1563964560000,0.2002,0.20001,0.2002,0.20001,175.14600000000004
281,1563964620000,0.19003,0.19000999999999998,0.19003,0.19000999999999998,255.0
282,1564120380000,0.21118,0.21118,0.21118,0.21118,130.08170800000002
283,1564120440000,0.24141999999999997,0.24141999999999997,0.24141999999999997,0.24141999999999997,50.0
284,1564128420000,0.24042,0.24042,0.24042,0.24042,50.0
285,1564148820000,0.2404,0.2404,0.2404,0.2404,50.0
286,1564476840000,0.20202,0.20202,0.20202,0.20202,98.36354234
287,1565055660000,0.22624,0.226,0.22624,0.226,218.78099999999998
288,1565066340000,0.226,0.226,0.226,0.226,13.891569
289,1565077380000,0.22599,0.226,0.226,0.22599,401.80199999999996
290,1565090640000,0.20302,0.19729000000000002,0.20302,0.19729000000000002,405.19185026
291,1565125980000,0.22532,0.22532,0.22532,0.22532,107.0
292,1565126220000,0.19044,0.19044,0.19044,0.19044,105.79299999999999
293,1565284380000,0.22532,0.226,0.226,0.22532,100.84998562
294,1565550780000,0.22576,0.226,0.226,0.22576,100.0
295,1565550840000,0.22576,0.22576,0.22576,0.22576,14.0
296,1565822340000,0.19102,0.19102,0.19102,0.19102,14.01692406
297,1565824020000,0.19102,0.19102,0.19102,0.19102,14.0
298,1565824080000,0.19102,0.19102,0.19102,0.19102,84.0
299,1565824920000,0.19,0.19,0.19,0.19,3.98307594
300,1565908320000,0.18899999999999997,0.19,0.19,0.18899999999999997,267.25134652
301,1566306000000,0.19,0.19,0.19,0.19,20.0
302,1566311820000,0.19,0.19,0.19,0.19,30.0
303,1566311940000,0.17670999999999998,0.17652,0.17670999999999998,0.17652,79.0
304,1566312360000,0.17670999999999998,0.1709,0.17670999999999998,0.1709,300.0
305,1566345540000,0.17107999999999998,0.16953,0.17107999999999998,0.16953,49.90999999
306,1566913920000,0.18244000000000002,0.18225,0.18244000000000002,0.18225,32.378769
307,1566997560000,0.18225,0.18079,0.18225,0.18079,118.83285888
308,1566997620000,0.18079,0.18079,0.18079,0.18079,3.05997706
309,1567016160000,0.17933,0.17933,0.17933,0.17933,50.0
310,1567016580000,0.17933,0.17933,0.17933,0.17933,19.13580247
311,1567090620000,0.16337000000000002,0.16337000000000002,0.16337000000000002,0.16337000000000002,138.33300988
312,1567091880000,0.16222999999999999,0.16075,0.16222999999999999,0.16075,170.2510865
313,1567440000000,0.17389000000000002,0.1826,0.1826,0.17389000000000002,978.72548638
314,1567440120000,0.18388,0.18855,0.18855,0.18388,155.74953644
315,1567599060000,0.16799,0.16799,0.16799,0.16799,75.00446455
316,1567600620000,0.16664,0.1653,0.16664,0.1653,75.32940938
317,1567603920000,0.1653,0.1653,0.1653,0.1653,74.67951972
318,1568252640000,0.15755,0.15755,0.15755,0.15755,79.97461122
319,1568252700000,0.15755,0.15755,0.15755,0.15755,1e-08
320,1568421780000,0.15755,0.15755,0.15755,0.15755,18.0
321,1568554140000,0.15755,0.15755,0.15755,0.15755,8.03535489
322,1568563260000,0.15913,0.15913,0.15913,0.15913,44.43033957
323,1568592540000,0.16041,0.16041,0.16041,0.16041,35.46429703
324,1568592600000,0.16041,0.16041,0.16041,0.16041,44.43033957
325,1568749620000,0.1569,0.1569,0.1569,0.1569,119.88
326,1568750040000,0.16236,0.16368,0.16368,0.16236,54.18177242
327,1568787780000,0.16368,0.16831,0.16831,0.16368,190.65369107
328,1568929680000,0.226,0.23335999999999998,0.23335999999999998,0.226,185.77477799
329,1568986200000,0.298,0.298,0.298,0.298,109.612123
330,1568996220000,0.1569,0.1569,0.1569,0.1569,53.291789
331,1569337560000,0.15628,0.15628,0.15628,0.15628,79.97461123
332,1569337620000,0.15502,0.15502,0.15502,0.15502,79.97461123
333,1569337680000,0.15377000000000002,0.15377000000000002,0.15377000000000002,0.15377000000000002,79.97461123
334,1569338040000,0.15253,0.15253,0.15253,0.15253,79.97461122
335,1569351240000,0.15253,0.14887,0.15253,0.14887,542.50930564
336,1569351360000,0.14767,0.14296,0.14767,0.14296,219.78417116
337,1569353640000,0.14296,0.13655,0.14296,0.13655,162.53
338,1569365100000,0.13111,0.13111,0.13111,0.13111,45.476864
339,1569431040000,0.13047999999999998,0.13047999999999998,0.13047999999999998,0.13047999999999998,156.303309
340,1569694500000,0.15227000000000002,0.15227000000000002,0.15227000000000002,0.15227000000000002,82.58772741
341,1569868260000,0.28552,0.28552,0.28552,0.28552,110.45632229
342,1570556220000,0.25376,0.25376,0.25376,0.25376,49.65321564
343,1570557240000,0.25172,0.25172,0.25172,0.25172,49.65321564
344,1570558440000,0.2497,0.2497,0.2497,0.2497,49.65321564
345,1570558560000,0.24769000000000002,0.24769000000000002,0.24769000000000002,0.24769000000000002,49.65321564
346,1570563900000,0.24373000000000003,0.24373000000000003,0.24373000000000003,0.24373000000000003,50.05561735
347,1570564020000,0.24176999999999998,0.24176999999999998,0.24176999999999998,0.24176999999999998,40.69137694000001
348,1570583580000,0.2493,0.2493,0.2493,0.2493,133.40680477
349,1570630740000,0.2497,0.2497,0.2497,0.2497,40.33518226
350,1570647360000,0.2522,0.26041,0.26041,0.2522,563.6571037
351,1570647420000,0.2605,0.2605,0.2605,0.2605,436.3428963
352,1570647540000,0.26,0.26,0.26,0.26,48.46153846
353,1570648380000,0.25791,0.25584,0.25791,0.25584,96.92307692
354,1570670100000,0.2605,0.26674000000000003,0.26674000000000003,0.2605,126.78864502
355,1570670760000,0.25378,0.24971999999999997,0.25378,0.24971999999999997,121.80841916
356,1570671240000,0.24971999999999997,0.24572,0.24971999999999997,0.24572,241.25410107
357,1570760160000,0.19595,0.19438,0.19595,0.19438,261.92497205
358,1570760400000,0.19438,0.19280999999999998,0.19438,0.19280999999999998,68.77162720000001
359,1570763400000,0.19125999999999999,0.18972,0.19125999999999999,0.18972,128.60423578
360,1570763520000,0.18819,0.18819,0.18819,0.18819,40.47341922
361,1570764360000,0.18667999999999998,0.18667999999999998,0.18667999999999998,0.18667999999999998,40.47341922
362,1571215800000,0.17068,0.1693,0.17068,0.1693,90.22939396
363,1571216640000,0.1693,0.16794,0.1693,0.16794,41.49701031
364,1571221860000,0.16525,0.16525,0.16525,0.16525,73.82235763
365,1571226000000,0.16391,0.16391,0.16391,0.16391,38.20381381
366,1571227380000,0.1626,0.1626,0.1626,0.1626,32.53437175
367,1571228100000,0.16129000000000002,0.16129000000000002,0.16129000000000002,0.16129000000000002,32.53437172
368,1571228700000,0.16129000000000002,0.15999000000000002,0.16129000000000002,0.15999000000000002,65.15244987
369,1571228820000,0.15869,0.15869,0.15869,0.15869,18.04587879
370,1571228940000,0.15869,0.15869,0.15869,0.15869,51.13599224
371,1571497440000,0.17,0.17554,0.17554,0.17,458.24737220000003
372,1571497620000,0.2843,0.28554,0.28554,0.2843,506.71103024
373,1571497680000,0.28609,0.29999000000000003,0.29999000000000003,0.28609,442.77404800000005
374,1571604720000,0.27701,0.27701,0.27701,0.27701,18.0
375,1571835240000,0.15023,0.15023,0.15023,0.15023,221.44586277
376,1571835780000,0.15023,0.15023,0.15023,0.15023,39.97092861
377,1571835840000,0.15023,0.14753,0.15023,0.14753,39.97092861
378,1571835960000,0.14753,0.14753,0.14753,0.14753,32.12689184
379,1571836680000,0.14634,0.14634,0.14634,0.14634,39.97092861
380,1571836800000,0.14515999999999998,0.14515999999999998,0.14515999999999998,0.14515999999999998,42.01638687
381,1571836980000,0.14399,0.14399,0.14399,0.14399,42.01638687
382,1571837100000,0.14282999999999998,0.14282999999999998,0.14282999999999998,0.14282999999999998,85.40635803
383,1571911680000,0.13059,0.13059,0.13059,0.13059,64.94586
384,1571930400000,0.14279,0.14279,0.14279,0.14279,18.0
385,1571934900000,0.14279,0.14279,0.14279,0.14279,63.35771554
386,1571935380000,0.14278,0.14439000000000002,0.14439000000000002,0.14278,94.24304376
387,1571944740000,0.14439000000000002,0.14557,0.14557,0.14439000000000002,83.93417117
388,1571945220000,0.14557,0.14675,0.14675,0.14557,43.38997116
389,1571952180000,0.14915,0.14915,0.14915,0.14915,38.00856238
390,1572009240000,0.14369,0.14369,0.14369,0.14369,35.01887062
391,1572018420000,0.14915,0.14915,0.14915,0.14915,50.40220692
392,1572018480000,0.15036,0.15158,0.15158,0.15036,133.32372962
393,1572018540000,0.1517,0.15406,0.15406,0.1517,121.1918725
394,1572018660000,0.15406,0.15531,0.15531,0.15406,48.27407262
395,1572020220000,0.15531,0.15531,0.15531,0.15531,21.434871100000002
396,1572024720000,0.15657000000000001,0.15771,0.16028,0.15657000000000001,189.54703844
397,1572024780000,0.1578,0.1578,0.1578,0.1578,80.0
398,1572024900000,0.16236,0.1522,0.16368,0.1522,260.66686644
399,1572024960000,0.1522,0.1549,0.15929000000000001,0.1522,442.24823299
400,1572054360000,0.15153,0.15031,0.15153,0.15031,56.8640601
401,1572054540000,0.13548,0.13548,0.13548,0.13548,206.02817835
402,1572837060000,0.17204,0.17204,0.17204,0.17204,471.72934726
403,1572837120000,0.17204,0.17204,0.17204,0.17204,455.24116759
404,1572841500000,0.16409,0.16409,0.16409,0.16409,57.64463699
405,1572935760000,0.16271,0.1614,0.16271,0.1614,88.62675875
406,1573117440000,0.16647,0.16695,0.16695,0.16647,221.15287094
407,1573143300000,0.16695,0.16695,0.16695,0.16695,19.88664487
408,1573210800000,0.15763,0.15261,0.15763,0.15261,108.14977181
409,1573210860000,0.14686,0.14686,0.14686,0.14686,1471.065475
410,1573418940000,0.14686,0.14686,0.14686,0.14686,1891.850228
411,1573760520000,0.16695,0.16699999999999998,0.16699999999999998,0.16695,1014.3246
412,1573761360000,0.16699999999999998,0.16699999999999998,0.16699999999999998,0.16699999999999998,502.00199999999995
413,1573761420000,0.16699999999999998,0.16699999999999998,0.16699999999999998,0.16699999999999998,450.9
414,1573761480000,0.16699999999999998,0.16699999999999998,0.16699999999999998,0.16699999999999998,49.26760117
415,1573762740000,0.16962,0.17239000000000002,0.17239000000000002,0.16962,88.71440378999998
416,1574023740000,0.15298,0.15298,0.15298,0.15298,292.443716
417,1574170740000,0.15012,0.15012,0.15012,0.15012,416.35918193
418,1574326080000,0.1462,0.1462,0.1462,0.1462,494.505
419,1574328000000,0.1462,0.1462,0.1462,0.1462,55.495
420,1574333760000,0.14503,0.14503,0.14503,0.14503,44.20894005
421,1574334240000,0.14405,0.14405,0.14405,0.14405,44.09120329
422,1574334660000,0.1427,0.1427,0.1427,0.1427,86.18331053
423,1574334840000,0.14155,0.14155,0.14155,0.14155,86.18331053
424,1574348280000,0.13927,0.13927,0.13927,0.13927,87.29235838
425,1574350860000,0.13927,0.13734000000000002,0.13927,0.13734000000000002,121.77816736
426,1574355840000,0.13702999999999999,0.13593,0.13702999999999999,0.13593,124.65865951
427,1574379900000,0.13549,0.13549,0.13549,0.13549,87.20948296
428,1574380260000,0.13483,0.13483,0.13483,0.13483,87.20948296
429,1574404920000,0.13374,0.13266,0.13374,0.13266,150.04438374
430,1574406060000,0.13215,0.12999000000000002,0.13215,0.12999000000000002,1098.01029298
431,1574414220000,0.12999000000000002,0.12947999999999998,0.12999000000000002,0.12947999999999998,94.34330483
432,1574414280000,0.12844,0.1274,0.12844,0.1274,169.76948053
433,1574417160000,0.1274,0.12536,0.1274,0.12536,119.33071413
434,1574944740000,0.1395,0.1395,0.1395,0.1395,262.39803719
435,1574944800000,0.1395,0.1395,0.1395,0.1395,187.35484786
436,1574967900000,0.1395,0.1395,0.1395,0.1395,522.0419999999999
437,1575102660000,0.11982999999999999,0.11982999999999999,0.11982999999999999,0.11982999999999999,57.57471495
438,1575818220000,0.12491,0.12491,0.12491,0.12491,67.50218000000001
439,1576343040000,0.12027,0.12027,0.12027,0.12027,245.1914579
440,1576496520000,0.13953,0.13953,0.13953,0.13953,50.66956207
441,1576497000000,0.14065999999999998,0.14065999999999998,0.14065999999999998,0.14065999999999998,22.04806535
442,1576497060000,0.1415,0.1415,0.1415,0.1415,28.12035721
443,1576498680000,0.1418,0.14549,0.14549,0.1418,198.22430272
444,1576591260000,0.11788,0.11788,0.11788,0.11788,216.473487
445,1576599720000,0.11503,0.11503,0.11503,0.11503,109.53664261
446,1576609500000,0.11515999999999998,0.11515999999999998,0.11515999999999998,0.11515999999999998,109.53664261
447,1576609560000,0.11425,0.1141,0.11425,0.1141,443.29580195
448,1576611300000,0.1141,0.11317999999999999,0.1141,0.11317999999999999,125.21910190000001
449,1576612980000,0.11337,0.11337,0.11337,0.11337,442.55699999999996
450,1576613100000,0.11337,0.11155,0.11337,0.11155,464.81214907
451,1576614000000,0.11045999999999999,0.11045999999999999,0.11045999999999999,0.11045999999999999,110.42944785
452,1576674000000,0.10955999999999999,0.10955999999999999,0.10955999999999999,0.10955999999999999,115.00547645
453,1576674900000,0.10868,0.10693,0.10868,0.10693,290.26720159
454,1576681500000,0.10800000000000001,0.10800000000000001,0.10800000000000001,0.10800000000000001,85.39900493
455,1576682520000,0.10887999999999999,0.10887999999999999,0.10887999999999999,0.10887999999999999,102.28896472
456,1576682940000,0.10977,0.10977,0.10977,0.10977,102.28896472
457,1576687860000,0.11066,0.11066,0.11066,0.11066,63.89193136
458,1576687920000,0.11155999999999999,0.11155999999999999,0.11155999999999999,0.11155999999999999,63.89193136
459,1576699200000,0.11338,0.11338,0.11338,0.11338,48.2017484
460,1576700280000,0.11431,0.11431,0.11431,0.11431,63.25682270000001
461,1576700520000,0.11524000000000001,0.11524000000000001,0.11524000000000001,0.11524000000000001,46.59436025
462,1576709520000,0.11709000000000001,0.11709000000000001,0.11709000000000001,0.11709000000000001,62.83274571
463,1576709940000,0.11805,0.11900999999999999,0.11900999999999999,0.11805,109.00302897
464,1577273640000,0.11484000000000001,0.11484000000000001,0.11484000000000001,0.11484000000000001,63.12350809
465,1577279100000,0.11392000000000001,0.11392000000000001,0.11392000000000001,0.11392000000000001,109.71786834
466,1577298420000,0.113,0.113,0.113,0.113,48.49251078
467,1577535780000,0.11141,0.11118,0.11141,0.11118,49.90395400000001
468,1577650980000,0.12090999999999999,0.12090999999999999,0.12090999999999999,0.12090999999999999,46.59436025
469,1577651640000,0.12189000000000001,0.12287999999999999,0.12287999999999999,0.12189000000000001,128.80434139
470,1577818920000,0.12454000000000001,0.12454000000000001,0.12454000000000001,0.12454000000000001,71.03536195
471,1577994900000,0.11118,0.10762999999999999,0.11118,0.10762999999999999,415.168
472,1578154140000,0.11112000000000001,0.11112000000000001,0.11112000000000001,0.11112000000000001,839.15
473,1578549900000,0.10909,0.10909,0.10909,0.10909,272.65054079
474,1578753840000,0.12457,0.12457,0.12457,0.12457,44.0
475,1579063620000,0.12457,0.12761,0.12761,0.12457,178.5872
476,1579201200000,0.12761,0.12761,0.12761,0.12761,60.72471512
477,1579285920000,0.12972,0.13077,0.13077,0.12972,130.10321685
478,1579341540000,0.13077,0.13508,0.13508,0.13077,342.22704517
479,1580340900000,0.12615,0.12615,0.12615,0.12615,61.40176636
480,1580413080000,0.12425,0.12422000000000001,0.12425,0.12422000000000001,48.76402289000001
481,1580476560000,0.12424,0.12422000000000001,0.12424,0.12422000000000001,72.96690062
482,1580518440000,0.2378,0.2378,0.2378,0.2378,58.158689
483,1580525100000,0.2373,0.2373,0.2373,0.2373,226.809143
484,1580525520000,0.12311,0.12125,0.12311,0.12125,160.37
485,1580671260000,0.23495,0.2373,0.2373,0.23495,150.0
486,1580671560000,0.12418,0.12418,0.12418,0.12418,149.7
487,1580681820000,0.23299,0.23299,0.23299,0.23299,100.0
488,1580686740000,0.22962,0.22962,0.22962,0.22962,40.0
489,1580709000000,0.12907000000000002,0.12565,0.12907000000000002,0.12565,571.0
490,1580763540000,0.1718,0.1718,0.1718,0.1718,40.0
491,1580785380000,0.17059000000000002,0.17059000000000002,0.17059000000000002,0.17059000000000002,53.86449079999999
492,1580904840000,0.13297,0.13097,0.13297,0.13097,139.11274074
493,1580988300000,0.1453,0.1453,0.1453,0.1453,402.40358
494,1580988900000,0.1453,0.1453,0.1453,0.1453,1487.511
495,1580989440000,0.149,0.1453,0.149,0.1453,36.0
496,1580991240000,0.1453,0.1453,0.1453,0.1453,16.63782586
497,1581093840000,0.17059000000000002,0.17068,0.17068,0.17059000000000002,66.0
498,1581255000000,0.14582,0.14582,0.14582,0.14582,65.0
499,1581256140000,0.13083,0.13083,0.13083,0.13083,40.404025
500,1581531600000,0.16856,0.16856,0.16856,0.16856,479.90779057
501,1581606480000,0.16699999999999998,0.16699999999999998,0.16699999999999998,0.16699999999999998,536.07
502,1581607080000,0.16699999999999998,0.16699999999999998,0.16699999999999998,0.16699999999999998,1186.368
503,1581608760000,0.16699999999999998,0.16699999999999998,0.16699999999999998,0.16699999999999998,175.662
504,1581608820000,0.16799,0.16799,0.16799,0.16799,65.08729741
505,1581620580000,0.17206,0.17206,0.17206,0.17206,44.26906598
506,1581628260000,0.16276,0.16276,0.16276,0.16276,39.33139722
507,1581628380000,0.16866,0.16866,0.16866,0.16866,39.33139722
508,1581698820000,0.17105,0.17105,0.17105,0.17105,67.82084649
509,1581699720000,0.17465,0.17995,0.17995,0.17465,132.02704439
510,1581808320000,0.2158,0.2158,0.2158,0.2158,288.0
511,1582382040000,0.21583000000000002,0.115,0.21583000000000002,0.115,91.88799999999999
512,1582512600000,0.195,0.195,0.195,0.195,55.776224
513,1582545300000,0.14774,0.14774,0.14774,0.14774,55.668952000000004
514,1582561140000,0.14774,0.14415,0.14774,0.14415,288.0
515,1582688940000,0.1372,0.12739,0.1372,0.12739,491.583
516,1582725900000,0.12753,0.12753,0.12753,0.12753,250.29951782
517,1582733280000,0.12739,0.12739,0.12739,0.12739,0.21430007
518,1582733460000,0.12547,0.12547,0.12547,0.12547,97.41765888
519,1582735560000,0.12172000000000001,0.11989000000000001,0.12172000000000001,0.11989000000000001,96.74014253
520,1582738260000,0.11989000000000001,0.11989000000000001,0.11989000000000001,0.11989000000000001,51.58821879
521,1582743120000,0.11989000000000001,0.11989000000000001,0.11989000000000001,0.11989000000000001,68.97947679999999
522,1582777320000,0.1217,0.1217,0.1217,0.1217,48.44401827
523,1582792620000,0.12354000000000001,0.12354000000000001,0.12354000000000001,0.12354000000000001,47.93916143
524,1582796880000,0.12588,0.12780999999999998,0.12780999999999998,0.12588,50.0
525,1583253780000,0.13174,0.13174,0.13174,0.13174,49.506809000000004
526,1583253840000,0.13376,0.13376,0.13376,0.13376,92.33283031
527,1583254740000,0.13595,0.13595,0.13595,0.13595,47.55392592
528,1583685960000,0.12229000000000001,0.12229000000000001,0.12229000000000001,0.12229000000000001,241.47930716
529,1583686980000,0.12229000000000001,0.12229000000000001,0.12229000000000001,0.12229000000000001,237.0900784
530,1583707260000,0.12,0.12,0.12,0.12,899.9964
531,1583707320000,0.12,0.12,0.12,0.12,809.999754
532,1583711400000,0.12,0.12,0.12,0.12,60.75797026
533,1583711520000,0.12,0.11819,0.12,0.11819,134.24587574
534,1583728740000,0.11640999999999999,0.11640999999999999,0.11640999999999999,0.11640999999999999,105.0
535,1583729640000,0.11549000000000001,0.11549000000000001,0.11549000000000001,0.11549000000000001,270.12302696
536,1583730540000,0.11503,0.11503,0.11503,0.11503,50.0
537,1584009720000,0.10045,0.0962,0.10045,0.0962,535.2064687100002
538,1584432840000,0.03,0.03,0.03,0.03,99.903805
539,1584735000000,0.033,0.033,0.033,0.033,179.64
540,1584735960000,0.036143,0.036143,0.036143,0.036143,111.36363636
541,1584737760000,0.039429,0.039429,0.039429,0.039429,96.84196362
542,1584740220000,0.042858,0.042858,0.042858,0.042858,84.73931366
543,1584745080000,0.04643,0.04643,0.04643,0.04643,74.57223602
544,1584811320000,0.08,0.08,0.08,0.08,48.37312
545,1584875880000,0.050145,0.050145,0.050145,0.050145,45.908
546,1585234560000,0.0333,0.0333,0.0333,0.0333,188.90888507
547,1585414860000,0.046745,0.046745,0.046745,0.046745,364.0
548,1585414920000,0.07104500000000001,0.07104500000000001,0.07104500000000001,0.07104500000000001,364.0
549,1585427100000,0.07141499999999999,0.07141499999999999,0.07141499999999999,0.07141499999999999,117.10179007
550,1585713780000,0.095,0.095,0.095,0.095,40.0
551,1585713840000,0.058410000000000004,0.058410000000000004,0.058410000000000004,0.058410000000000004,64.872576
552,1586104620000,0.09,0.09,0.09,0.09,40.0
553,1586418180000,0.060752999999999995,0.060752999999999995,0.060752999999999995,0.060752999999999995,65.415
554,1586467860000,0.0944,0.088089,0.099,0.06314199999999999,394.56484215
555,1586467980000,0.065577,0.07058500000000001,0.07058500000000001,0.065577,132.0
556,1586468040000,0.060591,0.060591,0.060591,0.060591,173.86371200000002
557,1587087780000,0.08313999999999999,0.08531799999999999,0.08531799999999999,0.08313999999999999,1371.16098006
558,1587126420000,0.0612,0.060654,0.0612,0.060654,737.283
559,1587886200000,0.090808,0.090808,0.090808,0.090808,75.31866275
560,1588095360000,0.099,0.099,0.099,0.099,200.0
561,1588095420000,0.11366,0.11366,0.11366,0.11366,482.52972323
562,1588095720000,0.11366,0.11366,0.11366,0.11366,500.31866275
563,1588095780000,0.11366,0.12,0.12,0.11366,3528.76938542
564,1588182300000,0.133,0.06251,0.133,0.06251,92.7142
565,1588235460000,0.11939000000000001,0.12,0.12,0.11939000000000001,359.54225475
566,1588265580000,0.084,0.084,0.084,0.084,475.79824400000007
567,1588268400000,0.1,0.1,0.1,0.1,474.901879
568,1588340820000,0.12,0.12,0.12,0.12,560.118
569,1588340880000,0.12,0.12,0.12,0.12,1413.822
570,1588341360000,0.12,0.12,0.12,0.12,688.3739999999999
571,1588341540000,0.12,0.12,0.12,0.12,75.60994525
572,1588375800000,0.13095,0.13698,0.13698,0.13095,800.9033683600002
573,1588423980000,0.13699999999999998,0.13699999999999998,0.13699999999999998,0.13699999999999998,638.361
574,1588424220000,0.13699999999999998,0.1104,0.13699999999999998,0.1104,3688.80563164
575,1588425180000,0.1104,0.1104,0.1104,0.1104,5660.334
576,1588426080000,0.1104,0.1104,0.1104,0.1104,637.362
577,1588443300000,0.11019000000000001,0.11007,0.11019000000000001,0.11007,1003.57946323
578,1588552800000,0.11,0.11,0.11,0.11,114.54545455
579,1588627500000,0.10835,0.10835,0.10835,0.10835,127.996096
580,1588686240000,0.11007,0.11007,0.11007,0.11007,0.41553677
581,1588686360000,0.11375999999999999,0.1155,0.1155,0.11375999999999999,421.01461550000005
582,1588687320000,0.1155,0.1155,0.1155,0.1155,875.1239999999999
583,1588695180000,0.1155,0.1155,0.1155,0.1155,109.09090909
584,1588705140000,0.11375999999999999,0.11375999999999999,0.11375999999999999,0.11375999999999999,109.09090909
585,1588717680000,0.11204000000000001,0.11204000000000001,0.11204000000000001,0.11204000000000001,109.09090909
586,1588767660000,0.11035,0.11035,0.11035,0.11035,38.60327379
587,1588881840000,0.10152,0.10152,0.10152,0.10152,358.82317
588,1589071020000,0.10003,0.10003,0.10003,0.10003,110.046121
589,1589071260000,0.10003,0.10003,0.10003,0.10003,500.0
590,1590577020000,0.1776,0.1776,0.1776,0.1776,765.0
591,1590661860000,0.15,0.15,0.15,0.15,59.0
592,1590666720000,0.14,0.14,0.14,0.14,4048.947
593,1590667140000,0.14,0.14,0.14,0.14,2621.376
594,1590667200000,0.14,0.14,0.14,0.14,2695.302
595,1590667380000,0.14,0.14,0.14,0.14,3756.83127353
596,1590674580000,0.13890999999999998,0.14,0.14,0.13890999999999998,5485.95
597,1590675300000,0.14,0.14,0.14,0.14,1141.278
598,1590723360000,0.13999,0.14,0.14,0.13999,328.656
599,1590723480000,0.14,0.14,0.14,0.14,3067.1220000000008
600,1590723540000,0.14,0.14,0.14,0.14,971.94
601,1590724080000,0.14,0.14,0.14,0.14,438.876
602,1590725700000,0.14,0.14,0.14,0.14,48.369718400000004
603,1590750660000,0.15,0.15,0.15,0.15,48.369718400000004
604,1590768480000,0.15,0.15,0.15,0.15,423.57599999999996
605,1590780480000,0.15,0.15,0.15,0.15,795.204
606,1590780540000,0.15,0.15,0.15,0.15,1476.5220000000002
607,1590780720000,0.15,0.15,0.15,0.15,1754.244
608,1590780780000,0.15,0.15,0.15,0.15,862.137
609,1590781380000,0.15,0.15,0.15,0.15,4864.130999999999
610,1590781860000,0.15,0.15,0.15,0.15,3275.7209999999995
611,1590781920000,0.15,0.15,0.15,0.15,1573.425
612,1590782340000,0.15,0.15,0.15,0.15,3158.838
613,1590782400000,0.15,0.15,0.15,0.15,1706.2920000000001
614,1590783240000,0.15,0.15,0.15,0.15,4432.563
615,1590783300000,0.15,0.15,0.15,0.15,324.675
616,1590783720000,0.15,0.15,0.15,0.15,3255.19630999
617,1590783780000,0.15,0.15,0.15,0.15,1639.359
618,1590784440000,0.15,0.15,0.15,0.15,1947.0510000000002
619,1590784500000,0.15,0.15,0.15,0.15,1337.661
620,1590784620000,0.15,0.15,0.15,0.15,2174.823
621,1590785100000,0.15,0.15,0.15,0.15,4402.593
622,1590785160000,0.15,0.15,0.15,0.15,1039.9589999999998
623,1590786000000,0.15,0.15,0.15,0.15,5420.574000000001
624,1590786480000,0.15,0.15,0.15,0.15,4796.1990000000005
625,1590786540000,0.15,0.15,0.15,0.15,616.383
626,1590786960000,0.15,0.15,0.15,0.15,4784.210999999999
627,1590787020000,0.15,0.15,0.15,0.15,620.379
628,1590787860000,0.15,0.15,0.15,0.15,3076.92
629,1590787920000,0.15,0.15,0.15,0.15,977.022
630,1590793260000,0.1515,0.1515,0.1515,0.1515,1338.66
631,1590793800000,0.1515,0.1515,0.1515,0.1515,366.63300000000004
632,1590799560000,0.15533,0.15533,0.15533,0.15533,1455.543
633,1590799620000,0.15533,0.1515,0.15533,0.1515,1451.547
634,1590812880000,0.1515,0.1515,0.1515,0.1515,20.029475
635,1590813300000,0.151,0.151,0.151,0.151,100.0
636,1590820680000,0.14774,0.14551,0.14774,0.14551,168.0
637,1590820740000,0.14332999999999999,0.14,0.14332999999999999,0.14,1085.28496006
638,1590900540000,0.13995,0.13995,0.13995,0.13995,1043.3573
639,1590901620000,0.14222,0.14222,0.14222,0.14222,1407.81
640,1590901680000,0.14222,0.14163,0.14223,0.14163,1338.5176
641,1590979740000,0.15486,0.15486,0.15486,0.15486,440.0
642,1591060740000,0.15658,0.15658,0.15658,0.15658,40.0
643,1591081260000,0.14163,0.14163,0.14163,0.14163,382.61699999999996
644,1591109880000,0.14163,0.14163,0.14163,0.14163,0.3014
645,1591110660000,0.1395,0.1395,0.1395,0.1395,88.9642025
646,1591110960000,0.1374,0.13533,0.1374,0.13533,179.28678315000005
647,1591118580000,0.13329000000000002,0.111,0.13329000000000002,0.111,439.208
648,1591299060000,0.13126,0.13126,0.13126,0.13126,362.03471
649,1591299180000,0.14582,0.14582,0.14582,0.14582,362.03471
650,1591300380000,0.14743,0.14743,0.14743,0.14743,38.0
651,1591305120000,0.14582,0.14582,0.14582,0.14582,0.68929
652,1591307220000,0.14559,0.14559,0.14559,0.14559,328.3280159
653,1591514040000,0.15822,0.16337000000000002,0.16337000000000002,0.15822,457.0
654,1591531560000,0.1631,0.1635,0.1635,0.1631,864.53977742
655,1591538940000,0.1635,0.1631,0.1635,0.1631,77.43944146000003
656,1591687920000,0.1776,0.1776,0.1776,0.1776,1235.0
657,1591691760000,0.18425999999999998,0.18861,0.18941,0.18425999999999998,1583.16
658,1591691820000,0.18821,0.18821,0.18821,0.18821,473.94599999999997
659,1591694340000,0.1918,0.1953,0.1953,0.1918,397.79400000000004
660,1591694520000,0.1953,0.1953,0.1953,0.1953,207.53710535
661,1591695720000,0.1953,0.1953,0.1953,0.1953,68.2958546
662,1591702560000,0.2,0.20178,0.20178,0.2,374.7480000000001
663,1591702620000,0.20178,0.21,0.21,0.20178,1055.84267804
664,1591704060000,0.21,0.21,0.21,0.21,223.19471600000003
665,1591704180000,0.21,0.20684,0.21,0.20684,221.72797346
666,1591708680000,0.20684,0.20684,0.20684,0.20684,0.05002654
667,1591709280000,0.21031999999999998,0.21031999999999998,0.21031999999999998,0.21031999999999998,258.51599999999996
668,1591710180000,0.21031999999999998,0.22516999999999998,0.22516999999999998,0.21031999999999998,769.7877102799998
669,1591710240000,0.22491999999999998,0.22583000000000003,0.22583000000000003,0.22491999999999998,331.76514084
670,1591710300000,0.22584,0.22584,0.22584,0.22584,39.92
671,1591711140000,0.225,0.225,0.225,0.225,50.0
672,1591711560000,0.2489,0.2489,0.2489,0.2489,100.0
673,1591711860000,0.26332,0.27696,0.27696,0.26332,1036.25546296
674,1591712040000,0.27519,0.27519,0.27519,0.27519,94.46843
675,1591725780000,0.25,0.25,0.25,0.25,253.50599999999997
676,1591733940000,0.27696,0.20998000000000003,0.27696,0.20998000000000003,94.56892485
677,1591745280000,0.21314,0.21314,0.21314,0.21314,59.0
678,1591825560000,0.2049,0.2049,0.2049,0.2049,120.18561754
679,1592045640000,0.2248,0.22,0.2248,0.22,229.77
680,1592049240000,0.22268000000000002,0.22,0.22268000000000002,0.22,239.76
681,1592068560000,0.22,0.21669000000000002,0.22,0.21669000000000002,260.73900000000003
682,1592080020000,0.21669000000000002,0.21669000000000002,0.21669000000000002,0.21669000000000002,0.02413874
683,1592476500000,0.28692,0.28692,0.28692,0.28692,270.115424
684,1593167280000,0.18789,0.18789,0.18789,0.18789,620.78368547
685,1593167340000,0.18097,0.18097,0.18097,0.18097,484.37186518
686,1593170700000,0.18861,0.18836,0.18861,0.18836,1104.54520352
687,1593175980000,0.20337,0.20337,0.20337,0.20337,368.736
688,1593176040000,0.20287,0.20287,0.20287,0.20287,331.662
689,1593180300000,0.18883,0.18883,0.18883,0.18883,1105.15555065
690,1593181260000,0.20147,0.20147,0.20147,0.20147,230.40509861
691,1593181320000,0.20098,0.20048,0.20098,0.20048,829.75374819
692,1593183300000,0.1893,0.1893,0.1893,0.1893,1104.54520352
693,1593183360000,0.19777999999999998,0.19729000000000002,0.19777999999999998,0.19729000000000002,617.82030217
694,1593183420000,0.19629000000000002,0.19629000000000002,0.19629000000000002,0.19629000000000002,478.95599999999996
695,1593186600000,0.18977,0.18977,0.18977,0.18977,1104.54520352
696,1593186780000,0.19389,0.19788,0.19888,0.19389,1111.2179999999996
697,1593190200000,0.19024000000000002,0.19024000000000002,0.19024000000000002,0.19024000000000002,943.34995434
698,1593190380000,0.19739,0.19739,0.19739,0.19739,233.466
699,1593190440000,0.19639,0.19589,0.19639,0.19589,718.434
700,1593224100000,0.19589,0.19589,0.19589,0.19589,169.02238142
701,1593258600000,0.20287,0.20287,0.20287,0.20287,37.17925452
702,1593272160000,0.21,0.21,0.21,0.21,284.7150000000001
703,1593300480000,0.18288,0.18045,0.18288,0.18045,1000.0
704,1593323100000,0.18193,0.18193,0.18193,0.18193,733.83482611
705,1593325920000,0.18392,0.18667999999999998,0.18667999999999998,0.18392,259.73238637000003
706,1593337200000,0.18669000000000002,0.18669000000000002,0.18669000000000002,0.18669000000000002,39.11593956
707,1593347220000,0.1895,0.1895,0.1895,0.1895,41.02909888
708,1594095780000,0.19012,0.18717,0.19012,0.18717,900.0
709,1594096080000,0.20795999999999998,0.20795999999999998,0.20795999999999998,0.20795999999999998,457.914
710,1594283640000,0.20706,0.20706,0.20706,0.20706,50.86410902
711,1594366140000,0.19033,0.19033,0.19033,0.19033,189.76
712,1594410240000,0.19352,0.19352,0.19352,0.19352,99.86282
713,1594415040000,0.22053000000000003,0.22053000000000003,0.22053000000000003,0.22053000000000003,99.86282
714,1594586280000,0.28722,0.28722,0.28722,0.28722,601.102741
715,1594588680000,0.19674,0.19674,0.19674,0.19674,300.0
716,1594589580000,0.26459,0.26459,0.26459,0.26459,183.36599999999999
717,1594589640000,0.26459,0.2696,0.2696,0.26459,269.538
718,1594594320000,0.2682,0.2682,0.2682,0.2682,150.97842239
719,1594595040000,0.20010999999999998,0.20010999999999998,0.20010999999999998,0.20010999999999998,100.0
720,1594618680000,0.28,0.28714,0.28714,0.28,465.93
721,1594618740000,0.28714,0.3,0.3,0.28714,155.31
722,1594641420000,0.3,0.3,0.3,0.3,132.74726759
723,1594650660000,0.3,0.3,0.3,0.3,66.80433741
724,1594653840000,0.29549000000000003,0.20298,0.29549000000000003,0.20298,241.90053500000002
725,1594736760000,0.29325,0.29325,0.29325,0.29325,49.800733
726,1594736820000,0.30856999999999996,0.31,0.31,0.30856999999999996,330.532491
727,1594772940000,0.27831999999999996,0.27831999999999996,0.27831999999999996,0.27831999999999996,79.57
728,1594821240000,0.29353,0.29353,0.29353,0.29353,79.57
729,1594821300000,0.31,0.31,0.31,0.31,1335.0
730,1594821420000,0.3,0.3,0.3,0.3,398.601
731,1594821480000,0.3,0.3,0.3,0.3,1147.851
732,1594821540000,0.3,0.3,0.3,0.3,254.745
733,1594822200000,0.3,0.3,0.3,0.3,198.801
734,1594823700000,0.3,0.3,0.3,0.3,0.002
735,1594838100000,0.28,0.28,0.28,0.28,175.35
736,1594838640000,0.28,0.28,0.28,0.28,160.32
737,1594838700000,0.28,0.28,0.28,0.28,182.364
738,1594961700000,0.28,0.3,0.3,0.28,351.205
739,1594961760000,0.3,0.3,0.3,0.3,2331.17602549
740,1594962240000,0.3,0.3,0.3,0.3,715.284
741,1594962300000,0.3,0.2127,0.3,0.2127,902.33753251
742,1595177820000,0.27168000000000003,0.27,0.27168000000000003,0.27,2038.9589999999998
743,1595177880000,0.27,0.27,0.27,0.27,2467.76906799
744,1595177940000,0.27,0.27,0.27,0.27,305.157462
745,1595178720000,0.27,0.27,0.27,0.27,2841.964475
746,1595178780000,0.27,0.27,0.27,0.27,2325.672
747,1595178840000,0.27,0.26595,0.27,0.26595,2008.989
748,1595178960000,0.26595,0.26595,0.26595,0.26595,212.163822
749,1595179020000,0.26595,0.26595,0.26595,0.26595,230.769
750,1595181120000,0.26594,0.26594,0.26594,0.26594,46.66666667
751,1595337420000,0.29296,0.29296,0.29296,0.29296,186.372
752,1595337480000,0.29296,0.29297,0.29297,0.29296,230.46
753,1595337600000,0.29318,0.29318,0.29318,0.29318,111.0
754,1595337720000,0.3,0.3,0.3,0.3,0.07058462
755,1595346720000,0.30204000000000003,0.30204000000000003,0.30204000000000003,0.30204000000000003,802.197
756,1595346780000,0.30204000000000003,0.30204000000000003,0.30204000000000003,0.30204000000000003,716.283
757,1595348280000,0.30204000000000003,0.30204000000000003,0.30204000000000003,0.30204000000000003,403.596
758,1595348340000,0.30204000000000003,0.30204000000000003,0.30204000000000003,0.30204000000000003,379.62
759,1595358060000,0.31,0.31,0.31,0.31,0.32435795
760,1595440860000,0.33407,0.33407,0.33407,0.33407,51.0
761,1595679600000,0.30286,0.30286,0.30286,0.30286,67.38227411
762,1595750700000,0.30204000000000003,0.30204000000000003,0.30204000000000003,0.30204000000000003,23.304000000000002
763,1595752140000,0.29303,0.29,0.29303,0.29,367.63199999999995
764,1595752320000,0.29,0.29,0.29,0.29,614.385
765,1595752500000,0.29,0.29,0.29,0.29,664.335
766,1595753400000,0.29,0.29,0.29,0.29,954.045
767,1595758260000,0.29,0.28,0.29,0.28,318.362
768,1595758500000,0.28,0.28,0.28,0.28,354.29
769,1595758560000,0.28,0.28,0.28,0.28,315.684
770,1595758860000,0.28,0.28,0.28,0.28,294.705
771,1595760540000,0.28,0.28,0.28,0.28,723.2760000000001
772,1595760600000,0.28,0.27,0.28,0.27,1979.019
773,1595760660000,0.27188,0.27,0.27188,0.27,518.481
774,1595761020000,0.27,0.27,0.27,0.27,278.721
775,1595761080000,0.27,0.27,0.27,0.27,1591.4070000000002
776,1595761140000,0.27,0.27,0.27,0.27,210.78900000000002
777,1595787540000,0.32613000000000003,0.32893,0.32893,0.32613000000000003,2900.0
778,1595787660000,0.27291,0.27,0.27291,0.27,225.774
779,1595811300000,0.26599,0.265,0.26599,0.265,230.769
780,1595811360000,0.265,0.265,0.265,0.265,610.389
781,1595815860000,0.26,0.26,0.26,0.26,1446.552
782,1595816280000,0.26,0.26,0.26,0.26,248.75099999999998
783,1595816760000,0.26,0.26,0.26,0.26,260.73900000000003
784,1595816820000,0.26,0.26,0.26,0.26,1764.2340000000004
785,1595822340000,0.25801,0.25801,0.25801,0.25801,48.10261892
786,1595834700000,0.26,0.26,0.26,0.26,749.25
787,1595834760000,0.26,0.26,0.26,0.26,713.2860000000002
788,1595855460000,0.26,0.26,0.26,0.26,87.464
789,1595856420000,0.25283,0.25,0.25283,0.25,537.462
790,1595856540000,0.25,0.25,0.25,0.25,673.326
791,1595857380000,0.25,0.25,0.25,0.25,254.745
792,1595857560000,0.25,0.25,0.25,0.25,399.2
793,1595857620000,0.25,0.25,0.25,0.25,358.64099999999996
794,1595858400000,0.25,0.24254,0.25,0.24254,184.52579428
795,1595869680000,0.24254,0.24254,0.24254,0.24254,0.28920572
796,1595916120000,0.29035,0.29035,0.29035,0.29035,163.326
797,1595916180000,0.29034,0.29051,0.29051,0.29034,169.01912302
798,1595916240000,0.295,0.3,0.3,0.295,337.67400000000004
799,1595923800000,0.29051,0.29051,0.29051,0.29051,0.31887698
800,1595934780000,0.25062,0.25,0.25062,0.25,452.007612
801,1595934840000,0.25062,0.25062,0.25062,0.25062,997.53
802,1595934900000,0.26899999999999996,0.26899999999999996,0.26899999999999996,0.26899999999999996,203.406
803,1595934960000,0.25124,0.25124,0.25124,0.25124,280.285008
804,1595935080000,0.267,0.267,0.267,0.267,214.428
805,1596184260000,0.29969,0.29969,0.29969,0.29969,38.0
806,1596184320000,0.29969,0.3,0.3,0.29969,198.826
807,1596200880000,0.29,0.29,0.29,0.29,49.95
808,1596216120000,0.25674,0.25674,0.25674,0.25674,39.92
809,1596234660000,0.31685,0.31685,0.31685,0.31685,38.0
810,1596234720000,0.2623,0.2623,0.2623,0.2623,72.889
811,1596284760000,0.28595,0.28595,0.28595,0.28595,72.889
812,1596286920000,0.3,0.3,0.3,0.3,191.382
813,1596288720000,0.26792,0.26792,0.26792,0.26792,1000.0
814,1596288780000,0.2736,0.2736,0.2736,0.2736,1000.90016194
815,1596327720000,0.27934000000000003,0.27934000000000003,0.27934000000000003,0.27934000000000003,79.92
816,1596354960000,0.29503,0.29503,0.29503,0.29503,79.92
817,1596386340000,0.3,0.3,0.3,0.3,38.6788
818,1596568740000,0.26276,0.26276,0.26276,0.26213000000000003,1995.999444
819,1596568860000,0.26276,0.26276,0.26276,0.26276,2000.0
820,1596569040000,0.29314,0.29314,0.29314,0.29314,299.598
821,1596569100000,0.29244000000000003,0.29104,0.29244000000000003,0.29104,2683.356
822,1596569160000,0.28964,0.28895,0.28964,0.28895,558.114
823,1596579000000,0.28895,0.28895,0.28895,0.28895,29.791999999999998
824,1596670140000,0.263,0.263,0.263,0.263,46.285714
825,1596735240000,0.2895,0.2895,0.2895,0.2895,856.7099999999998
826,1596780120000,0.2895,0.2895,0.2895,0.2895,1364.724
827,1596780240000,0.2895,0.2895,0.2895,0.2895,267.534
828,1596780300000,0.2895,0.2895,0.2895,0.2895,352.3570063
829,1596781080000,0.2895,0.2895,0.2895,0.2895,250.5
830,1596792000000,0.26324000000000003,0.26324000000000003,0.26324000000000003,0.26324000000000003,92.88959064
831,1596841440000,0.29294000000000003,0.29294000000000003,0.29294000000000003,0.29294000000000003,92.88959064
832,1596924540000,0.29294000000000003,0.29294000000000003,0.29294000000000003,0.29294000000000003,408.816
833,1596924660000,0.29294000000000003,0.29294000000000003,0.29294000000000003,0.29294000000000003,547.092
834,1596926100000,0.29294000000000003,0.29294000000000003,0.29294000000000003,0.29294000000000003,44.092
835,1596930540000,0.32,0.32,0.32,0.32,180.36
836,1596930600000,0.32,0.32,0.32,0.32,414.82800000000003
837,1596939840000,0.32,0.32,0.32,0.32,137.252
838,1596944400000,0.3337,0.3337,0.3337,0.3337,386.772
839,1596944460000,0.349,0.35,0.35,0.349,1252.5
840,1596949620000,0.35,0.35,0.35,0.35,23.254
841,1596966240000,0.38101,0.38101,0.38101,0.38101,300.0
842,1597049700000,0.33694,0.33694,0.33694,0.33694,299.0
843,1597049760000,0.35986,0.35986,0.35986,0.35986,280.0
844,1597108260000,0.35986,0.35986,0.35986,0.35986,19.0
845,1597108500000,0.36934,0.36934,0.36934,0.36934,90.0
846,1597161600000,0.36934,0.37827,0.37827,0.36934,173.6901
847,1597161900000,0.25,0.25,0.25,0.25,170.34
848,1597178280000,0.38554,0.4,0.4,0.38554,1497.19527939
849,1597178460000,0.26223,0.26152,0.26223,0.25062,1493.0
850,1597225140000,0.32316,0.32316,0.32316,0.32316,57.919352
851,1597225560000,0.31677,0.31518,0.31677,0.31518,478.95599999999996
852,1597234080000,0.31598000000000004,0.31598000000000004,0.31598000000000004,0.31598000000000004,64.54336253
853,1597282860000,0.36200000000000004,0.36200000000000004,0.36200000000000004,0.36200000000000004,75.0
854,1597286820000,0.36274,0.36274,0.36274,0.36274,90.0
855,1597291380000,0.36473,0.36473,0.36473,0.36473,50.0
856,1597302600000,0.28868,0.28868,0.28868,0.28868,57.803513
857,1597312080000,0.31718,0.31718,0.31718,0.31718,212.0
858,1597314840000,0.35741999999999996,0.35741999999999996,0.35741999999999996,0.35741999999999996,130.0
859,1597316100000,0.36298,0.36298,0.36298,0.36298,190.38
860,1597316160000,0.36694,0.36694,0.36694,0.36694,190.38
861,1597318980000,0.36694,0.36694,0.36694,0.36694,21.62
862,1597319160000,0.37999,0.38,0.38,0.37999,175.35
863,1597322400000,0.37754,0.37754,0.37754,0.37754,265.53
864,1597323660000,0.38,0.41,0.41,0.38,141.06833297
865,1597323720000,0.4051,0.4051,0.4051,0.4051,247.37205568
866,1597324140000,0.41,0.41,0.41,0.41,879.11706703
867,1597325760000,0.43165,0.43165,0.43165,0.43165,303.606
868,1597330140000,0.43165,0.43412,0.43412,0.43165,274.548
869,1597335720000,0.43998999999999994,0.44,0.44,0.43998999999999994,200.0
870,1597336140000,0.44,0.44,0.44,0.44,622.242
871,1597336200000,0.44,0.44,0.44,0.44,186.372
872,1597336560000,0.44,0.44,0.44,0.44,20.386
873,1597336860000,0.4487,0.45675,0.45675,0.4487,76.8731
874,1597359240000,0.46571999999999997,0.46571999999999997,0.46571999999999997,0.46571999999999997,328.656
875,1597359420000,0.48,0.48,0.48,0.48,312.624
876,1597396020000,0.47,0.48,0.48,0.47,708.33333333
877,1597482840000,0.475,0.475,0.475,0.475,140.28
878,1597483020000,0.475,0.475,0.475,0.475,191.60472667
879,1597483080000,0.475,0.475,0.475,0.475,216.432
880,1597483200000,0.475,0.475,0.475,0.475,910.818
881,1597483260000,0.475,0.48,0.48,0.475,1257.51
882,1597483320000,0.48,0.48,0.48,0.48,260.52
883,1597484580000,0.48,0.488,0.488,0.48,172.34400000000002
884,1597486020000,0.488,0.488,0.488,0.488,118.236
885,1597486980000,0.488,0.495,0.495,0.488,415.06354819999996
886,1597487220000,0.49136,0.49136,0.49136,0.49136,124.36990016
887,1597490100000,0.495,0.495,0.495,0.495,124.24799999999999
888,1597490460000,0.495,0.5,0.5,0.495,137.274
889,1597499940000,0.39731,0.39731,0.39731,0.39731,99.9
890,1597569120000,0.45,0.45,0.45,0.45,38.0
891,1597626660000,0.4994,0.4994,0.4994,0.4994,85.17
892,1597626960000,0.5,0.5,0.5,0.5,16.51161279
893,1597628280000,0.51515,0.5201,0.5201,0.51515,193.386
894,1597628520000,0.5201,0.5201,0.5201,0.5201,661.59870732
895,1597628640000,0.5201,0.5201,0.5201,0.5201,195.83778846
896,1597630380000,0.5201,0.5208,0.5208,0.5201,268.24079155
897,1597636920000,0.56291,0.5870000000000001,0.5870000000000001,0.56291,399.0
898,1597636980000,0.5870000000000001,0.5944,0.5944,0.5870000000000001,721.52373715
899,1597664520000,0.575,0.575,0.575,0.575,50.0
900,1597666020000,0.575,0.575,0.575,0.575,116.96498052
901,1597701360000,0.575,0.575,0.575,0.575,13.03501948
902,1598719080000,0.33792,0.32450999999999997,0.33792,0.32450999999999997,812.944932
903,1599045960000,0.33514,0.33514,0.33514,0.33514,79.57
904,1599178560000,0.337,0.337,0.337,0.337,183.81599999999997
905,1599181740000,0.3356,0.3356,0.3356,0.3356,40.0
906,1599185100000,0.3356,0.3356,0.3356,0.3356,10.0
907,1599189180000,0.325,0.325,0.325,0.325,120.0
908,1599200940000,0.325,0.325,0.325,0.325,40.0
909,1599201300000,0.325,0.325,0.325,0.325,40.0
910,1599201480000,0.325,0.325,0.325,0.325,110.0
911,1599202200000,0.325,0.325,0.325,0.325,79.57
912,1599203820000,0.325,0.32456999999999997,0.325,0.32456999999999997,679.2505934
913,1599204000000,0.3197,0.3197,0.3197,0.3197,38.8205934
914,1599231240000,0.30330999999999997,0.30330999999999997,0.30330999999999997,0.30330999999999997,1993.87744339
915,1599241440000,0.30330999999999997,0.30330999999999997,0.30330999999999997,0.30330999999999997,191.808
916,1599241740000,0.30330999999999997,0.30330999999999997,0.30330999999999997,0.30330999999999997,837.3848739900002
917,1599241800000,0.30330999999999997,0.30330999999999997,0.30330999999999997,0.30330999999999997,988.0110000000001
918,1599241860000,0.30330999999999997,0.30330999999999997,0.30330999999999997,0.30330999999999997,964.035
919,1599242100000,0.30330999999999997,0.30330999999999997,0.30330999999999997,0.30330999999999997,188.811
920,1599264180000,0.5340600000000001,0.5340600000000001,0.5340600000000001,0.5340600000000001,342.0
921,1599289920000,0.32072,0.32072,0.32072,0.32072,148.23293999999999
922,1599292260000,0.31388,0.31388,0.31388,0.31388,40.77669903
923,1599294660000,0.31184,0.309,0.31184,0.309,122.33009709
924,1599296820000,0.30280999999999997,0.3,0.30280999999999997,0.3,300.0
925,1599296880000,0.3,0.3,0.3,0.3,71.6432522
926,1599300240000,0.2915,0.2915,0.2915,0.2915,375.75493997
927,1599369540000,0.284,0.23895,0.284,0.23861,626.13665466
928,1599458700000,0.27131,0.27131,0.27131,0.27131,45.743329100000004
929,1599467400000,0.26322,0.25440999999999997,0.26322,0.25440999999999997,143.7262569
930,1599476580000,0.24197,0.24197,0.24197,0.24197,97.18765815
931,1599510000000,0.24126999999999998,0.239,0.24126999999999998,0.239,999.9999995
932,1599518580000,0.2416,0.23238000000000003,0.2416,0.23238000000000003,1539.706814
933,1599518760000,0.23938,0.23579,0.23938,0.23579,1213.16834758
934,1599544380000,0.24455,0.24455,0.24455,0.24455,80.0
935,1599548940000,0.24456,0.24456,0.24456,0.24456,80.0
936,1599559140000,0.23638,0.23638,0.23638,0.23638,0.25365242
937,1599603840000,0.23187,0.23187,0.23187,0.23187,52.71966527
938,1599650880000,0.23876,0.23876,0.23876,0.23876,50.86802975
939,1599677640000,0.27768000000000004,0.27768000000000004,0.27768000000000004,0.27768000000000004,150.0
940,1599677760000,0.28,0.28,0.28,0.28,269.97372663
941,1599719760000,0.23634000000000002,0.23634000000000002,0.23634000000000002,0.23634000000000002,966.927456
942,1599723540000,0.2676,0.2676,0.2676,0.2676,966.927456
943,1599790500000,0.28,0.28,0.28,0.28,45.0
944,1599806700000,0.27923000000000003,0.27923000000000003,0.27923000000000003,0.27923000000000003,107.23514567
945,1599806820000,0.27589,0.26827,0.27598,0.26827,1146.02771842
946,1599807000000,0.27423000000000003,0.27423000000000003,0.27423000000000003,0.27423000000000003,456.75036223
947,1599808020000,0.26981,0.26981,0.26981,0.26981,230.90816195
948,1599808260000,0.27109,0.27109,0.27109,0.27109,227.454
949,1599808380000,0.27109,0.27389,0.27389,0.27109,81.55253717
950,1599808920000,0.27048,0.27907,0.27907,0.27048,1410.82
951,1599809520000,0.27698,0.27698,0.27698,0.27698,268.536
952,1599809580000,0.27488,0.27488,0.27488,0.27488,361.722
953,1599812700000,0.27419,0.27419,0.27419,0.27419,40.47453717
954,1599868920000,0.28553,0.28553,0.28553,0.28553,179.21028534
955,1599924300000,0.29028000000000004,0.29028000000000004,0.29028000000000004,0.29028000000000004,85.26135112
956,1600011360000,0.2676,0.2676,0.2676,0.2676,85.17608977
957,1600012560000,0.2676,0.2676,0.2676,0.2676,80.0
958,1600012680000,0.2676,0.2676,0.2676,0.2676,80.0
959,1600014000000,0.2676,0.2676,0.2676,0.2676,78.14293193
960,1600087680000,0.26411999999999997,0.25784,0.26411999999999997,0.25784,237.40941416
961,1600338840000,0.22146999999999997,0.22146999999999997,0.22146999999999997,0.22146999999999997,93.61510869
962,1600357020000,0.22221999999999997,0.21329,0.22221999999999997,0.21329,1457.3118035
963,1600363080000,0.21544000000000002,0.21544000000000002,0.21544000000000002,0.21544000000000002,119.68154896
964,1600473780000,0.22976,0.22976,0.22976,0.22976,162.0
965,1600601400000,0.23304,0.23304,0.23304,0.23304,60.79145259
966,1600680600000,0.23886999999999997,0.23015,0.23886999999999997,0.22858,660.9007751
967,1600698780000,0.20301,0.20023,0.20301,0.20023,112.80668228
968,1600698900000,0.20310999999999998,0.20310999999999998,0.20310999999999998,0.20310999999999998,110.59218327
969,1600699140000,0.20310999999999998,0.19425,0.20310999999999998,0.19425,492.96297977
970,1600773840000,0.18391,0.1806,0.18391,0.1806,107.65578682
971,1601005380000,0.22951,0.22951,0.22951,0.22951,87.71042299999999
972,1601078520000,0.19460999999999998,0.19460999999999998,0.19460999999999998,0.19460999999999998,90.0
973,1601095440000,0.22951,0.22951,0.22951,0.22951,12.188844
974,1601095500000,0.24955,0.24955,0.24955,0.24955,45.610212
975,1601151240000,0.2481,0.2481,0.2481,0.2481,38.0
976,1601152620000,0.19384,0.19384,0.19384,0.19384,40.0
977,1601152800000,0.19384,0.18762,0.19384,0.18762,286.03643113
978,1601152980000,0.14767,0.14767,0.14767,0.14767,234.963568
979,1601196060000,0.19155999999999998,0.19155999999999998,0.19155999999999998,0.19155999999999998,131.78532877
980,1601267160000,0.24745999999999999,0.24745999999999999,0.24745999999999999,0.24745999999999999,85.10156500000001
981,1601345520000,0.1936,0.19,0.1936,0.19,396.603
982,1601345580000,0.19,0.19,0.19,0.19,356.64300000000003
983,1601348220000,0.247,0.247,0.247,0.247,50.228951
984,1601397780000,0.19,0.19,0.19,0.19,39.85982549
985,1601397840000,0.18782000000000001,0.18782000000000001,0.18782000000000001,0.18782000000000001,65.08264463
986,1601403360000,0.18789,0.18714,0.18789,0.18714,458.21033887
987,1601569020000,0.1976,0.1976,0.1976,0.1976,62.80843428
988,1601619120000,0.18195999999999998,0.18195999999999998,0.18195999999999998,0.18195999999999998,136.01657507
989,1601623200000,0.17944000000000002,0.17944000000000002,0.17944000000000002,0.17944000000000002,135.88055849
990,1601624220000,0.179,0.179,0.179,0.179,313.6860000000001
991,1601631600000,0.17365999999999998,0.17365999999999998,0.17365999999999998,0.17365999999999998,70.39106145
992,1601634600000,0.16953,0.16847,0.16953,0.16847,127.91094618
993,1601683320000,0.16882,0.16882,0.16882,0.16882,162.0
994,1601990340000,0.17632,0.17105,0.17632,0.17105,141.84810925
995,1602011700000,0.16594,0.16345,0.16594,0.16345,301.26854756
996,1602013500000,0.165,0.165,0.165,0.165,1000.0
997,1602073440000,0.16071,0.15591,0.16071,0.15591,149.25702230000005
998,1602121680000,0.16805,0.16805,0.16805,0.16805,72.046339
999,1602288120000,0.19186,0.19186,0.19186,0.19186,270.0
1000,1602438240000,0.19415,0.19415,0.19415,0.19415,127.45996281
1001,1602480540000,0.19766,0.19766,0.19766,0.19766,140.0
1002,1602480840000,0.19999,0.19999,0.19999,0.19999,247.49400000000003
1003,1602495480000,0.2,0.20738,0.20738,0.2,175.60887585
1004,1602495720000,0.20331,0.20331,0.20331,0.20331,121.73594908
1005,1602541380000,0.20915999999999998,0.20915999999999998,0.20915999999999998,0.20915999999999998,10.0
1006,1602680640000,0.14841,0.14841,0.14841,0.14841,53.52
1007,1602840240000,0.1868,0.1868,0.1868,0.1868,66.43817559
1008,1602843360000,0.18514,0.18514,0.18514,0.18514,37.817396
1009,1602885780000,0.18514,0.18514,0.18514,0.18514,32.49934608
1010,1602918420000,0.19003,0.1922,0.1922,0.19003,78.2097415
1011,1602926400000,0.19317,0.19317,0.19317,0.19317,36.237511
1012,1602927840000,0.1932,0.19469,0.19469,0.1932,100.0
1013,1602930420000,0.19469,0.19614,0.19614,0.19469,44.81587314
1014,1602931860000,0.19768,0.19797,0.19797,0.19768,224.12289289
1015,1602933000000,0.19918,0.20019,0.20019,0.19918,260.36040389
1016,1602934020000,0.20108,0.20108,0.20108,0.20108,100.0
1017,1602946200000,0.20237,0.20237,0.20237,0.20237,160.36040389
1018,1602946440000,0.20337,0.20435999999999999,0.20435999999999999,0.20337,198.91399498
1019,1602946560000,0.20511999999999997,0.20511999999999997,0.20511999999999997,0.20511999999999997,198.91399498
1020,1602946620000,0.20646,0.20646,0.20646,0.20646,198.91399498
1021,1602948600000,0.20815999999999998,0.20815999999999998,0.20815999999999998,0.20815999999999998,198.91399498
1022,1602948840000,0.20893,0.20968,0.21015,0.20893,378.39073499
1023,1602950400000,0.21065,0.2333,0.2333,0.21065,635.11781391
1024,1602960840000,0.192,0.192,0.192,0.192,36.45833333
1025,1602968280000,0.19141,0.19141,0.19141,0.19141,20.0
1026,1602977040000,0.18982000000000002,0.18982000000000002,0.18982000000000002,0.18982000000000002,10.0
1027,1603015620000,0.187,0.187,0.187,0.187,45.0
1028,1603015920000,0.18639,0.18639,0.18639,0.18639,62.1073588
1029,1603016100000,0.18639,0.18639,0.18639,0.18639,4.47827773
1030,1603019580000,0.18342999999999998,0.18336,0.18342999999999998,0.18336,45.87386841
1031,1603032840000,0.18336,0.18336,0.18336,0.18336,190.0
1032,1603165860000,0.18395,0.18395,0.18395,0.18395,108.76
1033,1603200180000,0.18054,0.18054,0.18054,0.18054,36.98466827
1034,1603200840000,0.17951,0.17951,0.17951,0.17951,36.32984262
1035,1603249440000,0.17708,0.17708,0.17708,0.17708,58.734184
1036,1603497780000,0.22,0.22,0.22,0.22,44.91
1037,1603605420000,0.18395999999999998,0.18395999999999998,0.18395999999999998,0.18395999999999998,86.78344808
1038,1603609260000,0.17867,0.17818,0.17867,0.17818,86.69666463
1039,1603609680000,0.17818,0.17818,0.17818,0.17818,50.32341772
1040,1603974000000,0.16321,0.16321,0.16321,0.16321,74.89300999
1041,1604008680000,0.16885,0.16399999999999998,0.16885,0.16399999999999998,455.705762
1042,1604009400000,0.16399999999999998,0.16399999999999998,0.16399999999999998,0.16399999999999998,1932.0
1043,1604032500000,0.15897999999999998,0.15897999999999998,0.15897999999999998,0.15897999999999998,1620.80646444
1044,1604032860000,0.14826,0.14826,0.14826,0.14826,155.36098785
1045,1604102580000,0.159,0.1662,0.1662,0.159,445.44491031
1046,1604111100000,0.16875,0.16875,0.16875,0.16875,29.54288781
1047,1604111220000,0.17162,0.17162,0.17162,0.17162,28.11087818
1048,1604111700000,0.18679,0.18679,0.18679,0.18679,74.70584409
1049,1604111760000,0.17581,0.17581,0.17581,0.17581,132.09489087
1050,1604112420000,0.18086,0.18086,0.18086,0.18086,132.09489087
1051,1604112840000,0.16627999999999998,0.16627999999999998,0.16627999999999998,0.16627999999999998,132.03750182
1052,1604117160000,0.16162,0.15679,0.16162,0.15679,132.03750182000002
1053,1604219280000,0.15679,0.15679,0.15679,0.15679,17.918924
1054,1604326620000,0.15679,0.15442999999999998,0.15679,0.15442999999999998,80.0
1055,1604335320000,0.15442999999999998,0.14982,0.15442999999999998,0.14982,180.76792681
1056,1604335380000,0.1473,0.1473,0.1473,0.1473,168.02214532
1057,1604348040000,0.14462,0.14462,0.14462,0.14462,299.4
1058,1604353260000,0.14789000000000002,0.15279,0.15279,0.14789000000000002,228.29533445
1059,1604353320000,0.15377000000000002,0.15457,0.15457,0.15377000000000002,134.09308861
1060,1604353500000,0.15496,0.15496,0.15496,0.15496,47.33247684
1061,1604384520000,0.14698,0.15167,0.15167,0.14698,219.82801467
1062,1604419800000,0.14958,0.14958,0.14958,0.14958,46.79770023
1063,1604420160000,0.15242,0.15242,0.15242,0.15242,42.57752316
1064,1604566260000,0.14681,0.14681,0.14681,0.14681,99.9
1065,1604591760000,0.15265,0.15265,0.15265,0.15265,38.329906099999995
1066,1604594100000,0.15297,0.15456,0.15456,0.15297,346.5737775500001
1067,1604597580000,0.15456,0.15456,0.15456,0.15456,0.11822245
1068,1604618040000,0.15495,0.15495,0.15495,0.15495,42.07753807
1069,1604623020000,0.15730999999999998,0.15730999999999998,0.15730999999999998,0.15730999999999998,38.75954176
1070,1604628480000,0.16215,0.16215,0.16215,0.16215,39.801493799999996
1071,1604628540000,0.1662,0.1662,0.1662,0.1662,35.11381209
1072,1604678640000,0.16251,0.16251,0.16251,0.16251,1141.223068
1073,1604678880000,0.17371,0.17371,0.17371,0.17371,622.18207401
1074,1604678940000,0.17331,0.17331,0.17331,0.17331,468.0686178
1075,1604679900000,0.16414,0.16414,0.16414,0.16414,50.97237619
1076,1604687520000,0.1814,0.1814,0.1814,0.1814,100.0
1077,1604703840000,0.18335,0.18335,0.18335,0.18335,38.17834742
1078,1604707380000,0.17651,0.17651,0.17651,0.17651,162.0
1079,1604727060000,0.19121,0.19121,0.19121,0.19121,64.90496059
1080,1604756100000,0.19108,0.19108,0.19108,0.19108,40.93293087
1081,1604760120000,0.19108,0.19108,0.19108,0.19108,24.01887077
1082,1604760360000,0.18625999999999998,0.18519000000000002,0.18625999999999998,0.18519000000000002,509.49
1083,1604764500000,0.21013,0.21013,0.21013,0.21013,31.0
1084,1604778360000,0.17385,0.17385,0.17385,0.17385,39.24577901
1085,1604778480000,0.17372,0.17372,0.17372,0.17372,39.29839824
1086,1604970120000,0.21159,0.21159,0.21159,0.21159,116.81409461
1087,1604987580000,0.21696,0.21999000000000002,0.21999000000000002,0.21696,659.316
1088,1605065700000,0.20614000000000002,0.20614000000000002,0.20614000000000002,0.20614000000000002,61.1235083
1089,1605076260000,0.20273,0.20273,0.20273,0.20273,55.57377222
1090,1605140040000,0.20273,0.20273,0.20273,0.20273,6.57785803
1091,1605203700000,0.19725,0.19725,0.19725,0.19725,53.99468714
1092,1605312180000,0.19524,0.19095,0.19524,0.19095,191.76064085
1093,1605347940000,0.18536,0.18536,0.18536,0.18536,126.63851809999998
1094,1605386460000,0.18957000000000002,0.18957000000000002,0.18957000000000002,0.18957000000000002,36.9476836
1095,1605419580000,0.18959,0.18959,0.18959,0.18959,36.29351278
1096,1605461880000,0.18625,0.18616,0.18625,0.18616,66.65256776
1097,1605514500000,0.18508,0.18508,0.18508,0.18508,100.0
1098,1605575460000,0.18968,0.18968,0.18968,0.18968,24.0794359
1099,1605614640000,0.18968,0.18968,0.18968,0.18968,46.18572018
1100,1605630780000,0.19264,0.19264,0.19264,0.19264,39.49524586
1101,1605719580000,0.18600000000000003,0.18600000000000003,0.18600000000000003,0.18600000000000003,239.47799999999998
1102,1605720120000,0.18599000000000002,0.18600000000000003,0.18600000000000003,0.18599000000000002,579.1560000000002
1103,1605721740000,0.18599000000000002,0.18600000000000003,0.18600000000000003,0.18599000000000002,1062.12
1104,1605722340000,0.18599000000000002,0.18600000000000003,0.18600000000000003,0.18599000000000002,1288.572
1105,1605794280000,0.18589,0.18600000000000003,0.18600000000000003,0.18589,150.31537472
1106,1605794460000,0.19167,0.19167,0.19167,0.19167,78.25950853
1107,1605916980000,0.20542,0.20542,0.20542,0.20542,73.02112744
1108,1605972540000,0.19552999999999998,0.19552999999999998,0.19552999999999998,0.19552999999999998,126.5791262
1109,1606036980000,0.1473,0.14352,0.1473,0.14352,1134.5960249999996
1110,1606063740000,0.18456,0.18749000000000002,0.18749000000000002,0.18456,596.09053389
1111,1606064160000,0.19488,0.19551,0.19551,0.19488,203.42299042
1112,1606065780000,0.21020999999999998,0.22,0.22,0.21020999999999998,700.0
1113,1606086000000,0.21999000000000002,0.21999000000000002,0.21999000000000002,0.21999000000000002,60.0
1114,1606216020000,0.20933000000000002,0.20933000000000002,0.20933000000000002,0.20933000000000002,59.28853755
1115,1606216080000,0.20586,0.19899,0.20586,0.19899,184.66613683
1116,1606230540000,0.19760999999999998,0.19760999999999998,0.19760999999999998,0.19760999999999998,124.25467645
1117,1606245780000,0.2047,0.2047,0.2047,0.2047,15.184557
1118,1606306260000,0.21999000000000002,0.22,0.22,0.21999000000000002,112.24701396
1119,1606306560000,0.21999000000000002,0.2205,0.2205,0.21999000000000002,257.47442286
1120,1606308120000,0.22446999999999998,0.22446999999999998,0.22446999999999998,0.22446999999999998,257.47442286
1121,1606309680000,0.22883,0.22883,0.22883,0.22883,65.5508456
1122,1606310460000,0.24499,0.24499,0.24499,0.24499,61.22698885
1123,1606314180000,0.23456999999999997,0.23456999999999997,0.23456999999999997,0.23456999999999997,63.94679626
1124,1606318860000,0.23606999999999997,0.23606999999999997,0.23606999999999997,0.23606999999999997,63.54047528
1125,1606320180000,0.24499,0.245,0.245,0.24499,161.02698885
1126,1606321740000,0.24961999999999998,0.24961999999999998,0.24961999999999998,0.24961999999999998,60.09133883
1127,1606321980000,0.26214,0.26353000000000004,0.26353000000000004,0.26214,344.0
1128,1606322640000,0.26306999999999997,0.26514,0.26514,0.26306999999999997,115.11458904
1129,1606322880000,0.26514,0.26514,0.26514,0.26514,146.85299999999998
1130,1606323720000,0.26514,0.26514,0.26514,0.26514,61.11690351
1131,1606360080000,0.23856,0.23856,0.23856,0.23856,52.02312139
1132,1606361520000,0.22446999999999998,0.22115,0.22446999999999998,0.22115,71.31858992000002
1133,1606376940000,0.20093,0.20093,0.20093,0.20093,56.78023999
1134,1606378440000,0.20082,0.20082,0.20082,0.20082,262.08258739999997
1135,1606378500000,0.20082,0.195,0.20082,0.195,229.51457768
1136,1606379820000,0.195,0.195,0.195,0.195,34.45155315
1137,1606409700000,0.18686,0.18432,0.18686,0.18432,540.46907224
1138,1606441740000,0.34,0.34341,0.34341,0.34,73.444254
1139,1606463220000,0.21,0.21,0.21,0.21,75.0
1140,1606480980000,0.20605,0.20084000000000002,0.20605,0.20084000000000002,474.99784712
1141,1606481040000,0.14532,0.14168,0.14532,0.14168,1021.51665
1142,1606481520000,0.19625,0.19625,0.19625,0.19625,370.48893689
1143,1606481700000,0.19027,0.19027,0.19027,0.19027,151.02771311
1144,1606482120000,0.19175,0.19226,0.19226,0.19175,229.25457099
1145,1606482180000,0.19275,0.19275,0.19275,0.19275,267.59882848
1146,1606482360000,0.20728000000000002,0.20809,0.20809,0.20728000000000002,193.90204644
1147,1606489680000,0.20085999999999998,0.20085999999999998,0.20085999999999998,0.20085999999999998,123.22206440000001
1148,1606510320000,0.19834000000000002,0.19876,0.19876,0.19834000000000002,250.5
1149,1606521780000,0.19876,0.19876,0.19876,0.19876,252.0
1150,1606550280000,0.19876,0.20390999999999998,0.20390999999999998,0.19876,217.92830059
1151,1606592400000,0.20556,0.20556,0.20556,0.20556,120.27506821
1152,1606620240000,0.20135999999999998,0.20135999999999998,0.20135999999999998,0.20135999999999998,22.0
1153,1606632720000,0.20067000000000002,0.20067000000000002,0.20067000000000002,0.20067000000000002,61.84656163
1154,1606638660000,0.19943,0.19943,0.19943,0.19943,65.91568835
1155,1606644900000,0.15,0.15,0.15,0.15,214.44534861
1156,1606652760000,0.19894,0.19894,0.19894,0.19894,124.03772911
1157,1606654200000,0.19597,0.19503,0.19597,0.19503,208.33205344
1158,1606654260000,0.17357,0.17357,0.17357,0.17357,5.68440356
